<experiment>
  <configHash>8154774e3f6313739d1220b8ad95feb4</configHash>
  <outputDir>/home/lucien/androidrunner/android-runner/experiments/output/2020.10.19_152404/</outputDir>
  <runsToRun/>
  <runsDone>
    <run runId="14">
      <device>low-end</device>
      <path>https://www.tripadvisor.com/</path>
      <browser>chrome</browser>
      <runCount>15</runCount>
    </run>
    <run runId="1">
      <device>low-end</device>
      <path>https://www.tripadvisor.com/</path>
      <browser>chrome</browser>
      <runCount>2</runCount>
    </run>
    <run runId="6">
      <device>low-end</device>
      <path>https://www.tripadvisor.com/</path>
      <browser>chrome</browser>
      <runCount>7</runCount>
    </run>
    <run runId="9">
      <device>low-end</device>
      <path>https://www.tripadvisor.com/</path>
      <browser>chrome</browser>
      <runCount>10</runCount>
    </run>
    <run runId="11">
      <device>low-end</device>
      <path>https://www.tripadvisor.com/</path>
      <browser>chrome</browser>
      <runCount>12</runCount>
    </run>
    <run runId="7">
      <device>low-end</device>
      <path>https://www.tripadvisor.com/</path>
      <browser>chrome</browser>
      <runCount>8</runCount>
    </run>
    <run runId="8">
      <device>low-end</device>
      <path>https://www.tripadvisor.com/</path>
      <browser>chrome</browser>
      <runCount>9</runCount>
    </run>
    <run runId="10">
      <device>low-end</device>
      <path>https://www.tripadvisor.com/</path>
      <browser>chrome</browser>
      <runCount>11</runCount>
    </run>
    <run runId="12">
      <device>low-end</device>
      <path>https://www.tripadvisor.com/</path>
      <browser>chrome</browser>
      <runCount>13</runCount>
    </run>
    <run runId="5">
      <device>low-end</device>
      <path>https://www.tripadvisor.com/</path>
      <browser>chrome</browser>
      <runCount>6</runCount>
    </run>
    <run runId="3">
      <device>low-end</device>
      <path>https://www.tripadvisor.com/</path>
      <browser>chrome</browser>
      <runCount>4</runCount>
    </run>
    <run runId="0">
      <device>low-end</device>
      <path>https://www.tripadvisor.com/</path>
      <browser>chrome</browser>
      <runCount>1</runCount>
    </run>
    <run runId="13">
      <device>low-end</device>
      <path>https://www.tripadvisor.com/</path>
      <browser>chrome</browser>
      <runCount>14</runCount>
    </run>
    <run runId="2">
      <device>low-end</device>
      <path>https://www.tripadvisor.com/</path>
      <browser>chrome</browser>
      <runCount>3</runCount>
    </run>
    <run runId="4">
      <device>low-end</device>
      <path>https://www.tripadvisor.com/</path>
      <browser>chrome</browser>
      <runCount>5</runCount>
    </run>
  </runsDone>
</experiment>
