device,subject,batterystats_Joule_calculated
low-end,android-runner-experiments-apps-com-reddit-frontpage-xapk,358.4835072
low-end,android-runner-experiments-apps-com-deliveroo-orderapp-xapk,148.3115712
low-end,android-runner-experiments-apps-com-inditex-zara-apk,130.5365568
low-end,android-runner-experiments-apps-com-weather-weather-apk,188.03603520000004
low-end,android-runner-experiments-apps-com-google-android-youtube-xapk,255.023808
low-end,android-runner-experiments-apps-com-ninegag-android-app-apk,406.463616
low-end,android-runner-experiments-apps-com-alibaba-aliexpresshd-xapk,402.42383999999987
