<experiment>
  <configHash>cb4aceb64509b407f72634d254344f98</configHash>
  <outputDir>/home/lucien/androidrunner/android-runner/experiments/output/2020.10.20_112946/</outputDir>
  <runsToRun/>
  <runsDone>
    <run runId="0">
      <device>high-end</device>
      <path>android-runner/experiments/apps/com.tripadvisor.tripadvisor.xapk</path>
      <runCount>1</runCount>
    </run>
    <run runId="1">
      <device>high-end</device>
      <path>android-runner/experiments/apps/com.tripadvisor.tripadvisor.xapk</path>
      <runCount>2</runCount>
    </run>
    <run runId="6">
      <device>high-end</device>
      <path>android-runner/experiments/apps/com.tripadvisor.tripadvisor.xapk</path>
      <runCount>7</runCount>
    </run>
    <run runId="4">
      <device>high-end</device>
      <path>android-runner/experiments/apps/com.tripadvisor.tripadvisor.xapk</path>
      <runCount>5</runCount>
    </run>
    <run runId="5">
      <device>high-end</device>
      <path>android-runner/experiments/apps/com.tripadvisor.tripadvisor.xapk</path>
      <runCount>6</runCount>
    </run>
    <run runId="14">
      <device>high-end</device>
      <path>android-runner/experiments/apps/com.tripadvisor.tripadvisor.xapk</path>
      <runCount>15</runCount>
    </run>
    <run runId="13">
      <device>high-end</device>
      <path>android-runner/experiments/apps/com.tripadvisor.tripadvisor.xapk</path>
      <runCount>14</runCount>
    </run>
    <run runId="12">
      <device>high-end</device>
      <path>android-runner/experiments/apps/com.tripadvisor.tripadvisor.xapk</path>
      <runCount>13</runCount>
    </run>
    <run runId="8">
      <device>high-end</device>
      <path>android-runner/experiments/apps/com.tripadvisor.tripadvisor.xapk</path>
      <runCount>9</runCount>
    </run>
    <run runId="2">
      <device>high-end</device>
      <path>android-runner/experiments/apps/com.tripadvisor.tripadvisor.xapk</path>
      <runCount>3</runCount>
    </run>
    <run runId="9">
      <device>high-end</device>
      <path>android-runner/experiments/apps/com.tripadvisor.tripadvisor.xapk</path>
      <runCount>10</runCount>
    </run>
    <run runId="10">
      <device>high-end</device>
      <path>android-runner/experiments/apps/com.tripadvisor.tripadvisor.xapk</path>
      <runCount>11</runCount>
    </run>
    <run runId="7">
      <device>high-end</device>
      <path>android-runner/experiments/apps/com.tripadvisor.tripadvisor.xapk</path>
      <runCount>8</runCount>
    </run>
    <run runId="11">
      <device>high-end</device>
      <path>android-runner/experiments/apps/com.tripadvisor.tripadvisor.xapk</path>
      <runCount>12</runCount>
    </run>
    <run runId="3">
      <device>high-end</device>
      <path>android-runner/experiments/apps/com.tripadvisor.tripadvisor.xapk</path>
      <runCount>4</runCount>
    </run>
  </runsDone>
</experiment>
