device,subject,batterystats_Joule_calculated
high-end,android-runner-experiments-apps-com-reddit-frontpage-xapk,143.50237199999998
high-end,android-runner-experiments-apps-com-deliveroo-orderapp-xapk,119.104992
high-end,android-runner-experiments-apps-com-inditex-zara-apk,111.49966800000001
high-end,android-runner-experiments-apps-com-weather-weather-apk,132.848676
high-end,android-runner-experiments-apps-com-google-android-youtube-xapk,152.68910400000001
high-end,android-runner-experiments-apps-com-ninegag-android-app-apk,121.36266
high-end,android-runner-experiments-apps-com-alibaba-aliexpresshd-xapk,167.42116799999997
